City,Country,Date,Latitude,Longitude,Cloudiness (%),Humidity (%),Max Temp (F),Wind Speed (mph)
taolanaro,,,,,,,,
mvuma,ZW,1618537134,-19.2792,30.5283,65,73,52.25,2.92
awjilah,LY,1618537134,29.1081,21.2869,1,34,67.38800000000005,3.25
punta arenas,CL,1618536943,-53.15,-70.9167,90,71,50.26999999999996,10.29
vallenar,CL,1618537134,-28.5708,-70.7581,99,70,65.53399999999999,1.03
salto,UY,1618537023,-31.3833,-57.9667,99,95,71.27599999999998,0.89
port elizabeth,ZA,1618537135,-33.918,25.5701,75,59,61.069999999999965,2.06
rikitea,PF,1618537055,-23.1203,-134.9692,87,74,77.97200000000004,4.92
rio gallegos,AR,1618537081,-51.6226,-69.2181,0,44,55.66999999999996,10.29
kasongo,CD,1618537136,-4.45,26.6667,99,96,68.684,1.18
jamestown,US,1618537136,42.097,-79.2353,90,93,36.266000000000005,4.12
port alfred,ZA,1618537072,-33.5906,26.891,100,58,63.62599999999999,6.75
gat,IL,1618537136,31.61,34.7642,99,29,65.26400000000004,0.28
karpogory,RU,1618537137,64.0019,44.4451,88,76,31.92799999999996,3.19
arraial do cabo,BR,1618537137,-22.9661,-42.0278,44,66,75.01999999999995,5.34
hermanus,ZA,1618537137,-34.4187,19.2345,20,70,63.266000000000005,4.02
sarangani,PH,1618537138,5.4033,125.4636,100,77,83.40800000000002,7.79
kamenka,RU,1618537138,51.3223,42.7678,92,80,47.26400000000003,1.88
pedernales,DO,1618537138,18.0384,-71.744,14,71,78.33200000000002,2.33
avarua,CK,1618537139,-21.2078,-159.775,1,61,84.46999999999997,5.14
saint-philippe,RE,1618537139,-21.3585,55.7679,0,69,77.26999999999995,2.57
stamsund,,,,,,,,
atocha,BO,1618537139,-20.9333,-66.2333,0,24,49.38800000000005,1.93
tuktoyaktuk,CA,1618537136,69.4541,-133.0374,90,92,16.069999999999958,7.2
te anau,NZ,1618537113,-45.4167,167.7167,12,54,53.725999999999985,2.88
kisiwani,TZ,1618537140,-4.1333,37.95,98,92,69.83599999999997,0.95
barrow,US,1618537140,71.2906,-156.7887,90,73,14.269999999999957,3.6
atuona,PF,1618537141,-9.8,-139.0333,56,69,81.17599999999999,7.13
mataura,NZ,1618537141,-46.1927,168.8643,44,59,57.272000000000034,5.36
aksehir,TR,1618537141,38.3575,31.4164,97,64,48.72200000000004,2.11
jinchang,CN,1618537142,38.4953,102.1739,0,12,49.33399999999999,6.34
americus,US,1618537142,32.0724,-84.2327,40,88,66.46999999999997,3.17
new norfolk,AU,1618537142,-42.7826,147.0587,60,70,58.26199999999996,1.79
lagoa,PT,1618537143,39.05,-27.9833,92,85,61.28599999999997,6.01
batagay,RU,1618537143,67.6333,134.6333,100,83,15.872000000000035,2.21
morant bay,JM,1618537143,17.8815,-76.4093,20,65,82.66999999999996,6.17
goderich,CA,1618537144,43.7501,-81.7165,100,93,37.66999999999996,6.69
ushuaia,AR,1618537144,-54.8,-68.3,40,71,46.66999999999996,3.09
saldanha,ZA,1618537066,-33.0117,17.9442,11,52,70.06999999999996,3.09
cururupu,BR,1618537144,-1.8283,-44.8683,72,97,75.2,1.23
vaini,TO,1618537069,-21.2,-175.2,20,69,80.86999999999996,4.12
kodiak,US,1618537145,57.79,-152.4072,90,75,43.06999999999996,4.12
hofn,IS,1618537145,64.2539,-15.2082,100,96,45.95,10.16
coquimbo,CL,1618537145,-29.9533,-71.3436,90,82,59.26999999999996,1.03
tasiilaq,GL,1618537146,65.6145,-37.6368,90,100,26.86999999999996,2.06
busselton,AU,1618537062,-33.65,115.3333,100,74,66.27200000000005,2.24
castro,BR,1618537146,-24.7911,-50.0119,3,95,56.156000000000034,1.69
whitehorse,CA,1618536921,60.7161,-135.0538,75,46,48.469999999999956,2.57
bambous virieux,MU,1618537147,-20.3428,57.7575,75,100,79.26799999999999,3.6
gimli,CA,1618537147,50.6336,-96.9907,94,52,41.26999999999996,1.03
puerto ayora,EC,1618537147,-0.7393,-90.3518,85,96,77.26999999999995,0.89
raudeberg,NO,1618537148,61.9875,5.1352,98,86,38.26400000000003,1.6
ingham,US,1618537148,42.6,-84.3833,90,81,42.27799999999996,2.57
tura,IN,1618537148,25.5198,90.2201,20,40,84.84800000000003,3.1
neiafu,TO,1618537149,-18.65,-173.9833,40,69,82.66999999999996,1.03
waingapu,ID,1618537144,-9.6567,120.2641,96,67,82.70600000000003,2.68
fortuna,US,1618537058,40.5982,-124.1573,1,82,57.272000000000034,4.12
cuencame,MX,1618537149,24.8711,-103.6964,1,7,79.01600000000002,6.52
hithadhoo,MV,1618537150,-0.6,73.0833,18,66,82.65199999999999,2.9
sao miguel do araguaia,BR,1618537150,-13.275,-50.1628,74,77,75.95600000000003,0.86
provideniya,RU,1618537118,64.3833,-173.3,90,67,17.86999999999996,4
srednekolymsk,RU,1618537113,67.45,153.6833,100,82,17.491999999999997,4.15
slavutych,UA,1618537150,51.5196,30.7343,100,88,45.193999999999974,0.87
longyearbyen,SJ,1618536978,78.2186,15.6401,90,73,21.469999999999956,3.6
talkha,EG,1618537151,31.0539,31.3779,65,88,56.62400000000001,2.8
mersing,MY,1618537151,2.4312,103.8405,20,94,77.26999999999995,1.54
litovko,RU,1618537152,49.2361,135.1742,100,61,38.785999999999966,3.28
east wenatchee bench,US,1618537152,47.4257,-120.2812,1,15,73.27400000000002,1.54
bone,DE,1618537152,51.9669,12.1396,100,74,41.26999999999996,0.89
egvekinot,RU,1618537153,66.3167,-179.1667,100,91,15.601999999999975,2.91
bluff,NZ,1618537153,-46.6,168.3333,42,59,57.272000000000034,5.36
cape town,ZA,1618537110,-33.9258,18.4232,0,77,66.27200000000005,3.09
albany,US,1618536915,42.6001,-73.9662,100,78,40.26199999999996,1.16
lahaina,US,1618537154,20.8783,-156.6825,1,54,80.86999999999996,6.69
shahreza,IR,1618537154,32.0339,51.8794,5,34,55.958000000000006,1.74
emba,KZ,1618537154,48.8264,58.1442,0,54,50.99000000000002,3.7
carnarvon,AU,1618537155,-24.8667,113.6333,0,30,80.74399999999997,7.3
karsun,RU,1618537155,54.1994,46.9827,100,65,50.50399999999995,1.51
tuatapere,NZ,1618537155,-46.1333,167.6833,52,59,57.272000000000034,5.36
alofi,NU,1618537155,-19.0595,-169.9187,20,65,82.66999999999996,2.57
hamilton,US,1618537033,39.1834,-84.5333,90,53,49.26199999999996,4.12
kapaa,US,1618537156,22.0752,-159.319,20,65,79.06999999999996,7.2
lompoc,US,1618537156,34.6391,-120.4579,36,76,55.66999999999996,6.17
upata,VE,1618537157,8.0086,-62.3989,64,78,82.27400000000002,1.34
san jeronimo,PE,1618537157,-11.9472,-75.2829,40,83,48.469999999999956,1.32
ilulissat,GL,1618537157,69.2167,-51.1,75,66,8.869999999999958,3.6
pitiquito,MX,1618537158,30.7,-112.0833,100,36,74.26400000000004,1.79
shimoda,JP,1618537158,34.6667,138.95,75,67,61.069999999999965,7.2
husavik,IS,1618537158,66.0449,-17.3389,40,71,50.26999999999996,1.54
sovetskiy,RU,1618537159,61.3614,63.5842,70,65,27.338000000000044,3.88
bredasdorp,ZA,1618537159,-34.5322,20.0403,78,63,62.86999999999996,6.69
souillac,MU,1618537159,-20.5167,57.5167,75,100,75.46999999999997,3.6
sentyabrskiy,,,,,,,,
vostok,RU,1618537148,46.4856,135.8833,100,35,51.89000000000002,3.54
vardo,NO,1618537160,70.3705,31.1107,100,81,36.68000000000004,9.55
santa cruz,BO,1618537160,-17.8,-63.1667,52,72,75.57799999999997,1.92
oksfjord,NO,1618537160,70.2396,22.3479,40,60,41.26999999999996,5.66
asau,RO,1618537161,46.4333,26.4,100,52,36.266000000000005,2.24
parkes,AU,1618537161,-33.1333,148.1833,96,39,66.25399999999996,3.67
opuwo,NA,1618537161,-18.0607,13.84,98,59,68.576,1.37
sitka,US,1618537162,57.0531,-135.33,1,81,46.66999999999996,1
lethem,GY,1618537162,3.3803,-59.7968,65,82,78.49399999999997,4.35
pitimbu,BR,1618537162,-7.4706,-34.8086,0,100,75.46999999999997,4.63
bethel,US,1618537163,41.3712,-73.414,100,95,43.26799999999999,0.45
campo verde,BR,1618537163,-20.4167,-54.0667,40,73,73.66999999999996,4.63
killam,CA,1618537163,52.7834,-111.8518,5,17,61.069999999999965,4.12
upernavik,GL,1618537164,72.7868,-56.1549,39,99,-17.62599999999999,1.86
hobyo,SO,1618537164,5.3505,48.5268,98,68,82.00399999999996,4.86
dalvik,IS,1618537164,65.9702,-18.5286,40,71,50.26999999999996,1.54
marawi,PH,1618537165,7.9986,124.2928,100,83,82.27400000000002,2.68
aranos,NA,1618537165,-24.1333,19.1167,50,25,68.75600000000003,2.38
plock,PL,1618537154,52.5468,19.7064,90,100,41.26999999999996,3.6
mangrol,IN,1618537165,21.1167,70.1167,0,75,78.96199999999996,4.42
qaanaaq,GL,1618537166,77.484,-69.3632,10,59,0.8059999999999761,3.8
sinnamary,GF,1618537166,5.3833,-52.95,98,83,78.53000000000004,5.69
hilo,US,1618537166,19.7297,-155.09,75,57,80.86999999999996,5.66
tuggurt,,,,,,,,
cabo san lucas,MX,1618537167,22.8909,-109.9124,1,36,82.66999999999996,5.14
narsaq,GL,1618537167,60.9167,-46.05,40,43,28.66999999999996,8.23
turukhansk,RU,1618537167,65.8167,87.9833,97,87,-3.387999999999998,7.94
beian,NO,1618537168,63.6559,9.5683,0,93,39.469999999999956,3.6
dorogobuzh,RU,1618537168,54.915,33.2972,100,91,48.32599999999999,6.14
butaritari,KI,1618537168,3.0707,172.7902,99,74,82.74199999999999,3.63
sampit,ID,1618537169,-2.5333,112.95,42,80,82.68800000000005,0.8
namibe,AO,1618537169,-15.1961,12.1522,4,75,81.21199999999996,2.53
ambilobe,MG,1618537169,-13.2,49.05,60,95,72.40999999999998,1.23
goundam,ML,1618537170,16.4145,-3.6708,52,16,85.424,5.3
pangnirtung,CA,1618537170,66.1451,-65.7125,16,84,-12.009999999999984,3.24
the valley,AI,1618537170,18.217,-63.0578,20,69,79.06999999999996,4.12
dikson,RU,1618537074,73.5069,80.5464,100,93,-8.445999999999998,7.97
orotukan,RU,1618537171,62.2667,151.7,100,73,17.81600000000001,1.93
yellowknife,CA,1618537171,62.456,-114.3525,75,52,43.06999999999996,3.6
chokurdakh,RU,1618537171,70.6333,147.9167,12,87,0.44599999999999795,0.66
cherskiy,RU,1618537172,68.75,161.3,100,92,25.214000000000034,5.32
bengkulu,ID,1618537172,-3.8004,102.2655,100,92,74.10199999999998,2.48
morden,CA,1618537172,49.1919,-98.1014,100,70,37.66999999999996,2.06
portland,US,1618536658,45.5234,-122.6762,1,23,75.46999999999997,3.6
burnie,AU,1618537173,-41.0667,145.9167,19,62,61.26799999999999,3.13
tautira,PF,1618537173,-17.7333,-149.15,75,70,87.27799999999996,6.17
grand gaube,MU,1618537174,-20.0064,57.6608,86,84,79.26799999999999,1.34
saskylakh,RU,1618537174,71.9167,114.0833,99,93,8.077999999999964,5.28
cidreira,BR,1618537057,-30.1811,-50.2056,96,79,71.95999999999998,6.65
katangli,RU,1618537174,51.7102,143.2326,6,90,36.14000000000002,3.93
vazante,BR,1618537175,-17.9869,-46.9078,33,70,67.74800000000002,1.07
kavieng,PG,1618537175,-2.5744,150.7967,77,71,83.51600000000002,3.89
hoopstad,ZA,1618537175,-27.8327,25.9083,0,32,63.12200000000004,3.18
port hardy,CA,1618537176,50.6996,-127.4199,1,63,59.26999999999996,3.09
mar del plata,AR,1618537176,-38.0023,-57.5575,0,94,67.26199999999996,2.57
barentsburg,,,,,,,,
slavyanka,RU,1618537176,42.8633,131.3847,100,83,44.34800000000003,8.75
byron bay,AU,1618536977,-28.65,153.6167,5,69,77.26999999999995,6.17
simao,CN,1618537177,22.7886,100.9748,91,27,79.808,1.42
vaitupu,,,,,,,,
waipawa,NZ,1618537177,-41.4122,175.5153,0,56,68.26999999999995,9.26
pyay,MM,1618537178,18.8167,95.2167,100,54,85.55000000000001,1.86
malwan,,,,,,,,
hobart,AU,1618537178,-42.8794,147.3294,20,50,58.26199999999996,5.66
rosarito,MX,1618537178,32.3333,-117.0333,75,72,62.86999999999996,5.14
fairbanks,US,1618537179,64.8378,-147.7164,1,42,48.469999999999956,2.06
sao filipe,CV,1618537179,14.8961,-24.4956,0,72,72.76999999999995,6.52
grand river south east,,,,,,,,
pousat,,,,,,,,
pisco,PE,1618537180,-13.7,-76.2167,0,82,66.46999999999997,7.72
gondar,ET,1618537180,12.6,37.4667,6,47,62.042,2.43
roche-la-moliere,FR,1618537180,45.4341,4.3228,0,86,26.86999999999996,1.54
tripoli,LY,1618537171,32.8752,13.1875,100,64,64.292,12.51
carmen,MX,1618536891,18.6333,-91.8333,1,79,84.46999999999997,4.12
mehamn,NO,1618537181,71.0357,27.8492,100,91,34.538000000000046,7.82
nanortalik,GL,1618537122,60.1432,-45.2371,8,73,25.48399999999999,21.69
thompson,CA,1618537181,55.7435,-97.8558,75,28,43.06999999999996,1.54
mahebourg,MU,1618537182,-20.4081,57.7,75,100,75.46999999999997,3.6
saint george,US,1618536544,37.1041,-113.5841,1,15,67.26199999999996,5.66
port augusta,AU,1618537182,-32.5,137.7667,40,77,65.26400000000004,3.6
newport,GB,1618537152,51.5877,-2.9984,8,84,40.26199999999996,2.95
kielce,PL,1618537182,50.8703,20.6275,100,98,33.943999999999974,3.82
parana,AR,1618537183,-31.732,-60.5238,51,76,72.26600000000002,0.45
koslan,RU,1618537183,63.4564,48.8989,40,70,31.406000000000027,2.11
jinxiang,CN,1618537183,27.4327,120.6062,8,75,65.71400000000003,1.72
plettenberg bay,ZA,1618537184,-34.0527,23.3716,100,72,60.440000000000026,5.38
pucallpa,PE,1618537184,-8.3791,-74.5539,40,89,79.06999999999996,1.54
aykhal,RU,1618537184,66,111.5,100,94,24.47599999999999,10.35
bereda,ES,1618537185,43.2686,-7.5406,0,95,36.266000000000005,2.24
abdanan,IR,1618537185,32.9926,47.4198,0,34,56.37200000000004,4.51
kabanjahe,ID,1618537173,3.1001,98.4908,20,89,79.06999999999996,3.09
belushya guba,,,,,,,,
severo-kurilsk,RU,1618537078,50.6789,156.125,89,71,32.288000000000046,9.01
ocampo,MX,1618537186,21.65,-101.5,1,13,69.54800000000003,2.71
roseau,DM,1618537186,15.3017,-61.3881,23,80,79.15999999999998,5.2
paraiso,CR,1618537186,9.8383,-83.8656,100,100,70.06999999999996,2.57
san quintin,MX,1618537187,30.4833,-115.95,68,73,58.280000000000044,6.86
halalo,,,,,,,,
dingle,PH,1618537187,10.9995,122.6711,100,64,85.81999999999996,3.87
muros,ES,1618537188,42.7762,-9.0603,0,64,48.272000000000034,3.13
maputo,MZ,1618537188,-25.9653,32.5892,75,94,75.27200000000005,6.17
vestmannaeyjar,IS,1618537188,63.4427,-20.2734,100,95,47.39000000000002,12.68
tiksi,RU,1618537075,71.6872,128.8694,90,94,7.358000000000004,1.67
forestville,US,1618537189,38.8451,-76.875,90,40,52.26799999999999,5.66
lasa,IT,1618537189,46.6166,10.7002,0,68,23.26999999999996,1.03
sedro-woolley,US,1618537189,48.5039,-122.2361,1,32,66.46999999999997,5.14
lewisporte,CA,1618537190,49.2499,-55.0482,90,100,32.26999999999996,9.26
lorengau,PG,1618537190,-2.0226,147.2712,60,67,84.88399999999999,2.49
bonthe,SL,1618537158,7.5264,-12.505,21,85,79.46600000000001,2.85
mount isa,AU,1618537099,-20.7333,139.5,0,19,88.06999999999996,3.09
naze,JP,1618537144,28.3667,129.4833,75,78,73.66999999999996,4.12
soyo,AO,1618537191,-6.1349,12.3689,100,84,79.41199999999995,2.38
faanui,PF,1618536905,-16.4833,-151.75,21,70,83.11999999999996,3.32
flinders,AU,1618537191,-34.5833,150.8552,40,52,71.27599999999998,6.17
college,US,1618537192,64.8569,-147.8028,40,36,48.469999999999956,3.09
laguna,US,1618537192,38.421,-121.4238,1,17,75.46999999999997,5.14
khatanga,RU,1618537083,71.9667,102.5,100,92,15.890000000000018,6.01
pueblo nuevo,MX,1618537192,23.3833,-105.3833,42,45,55.92200000000004,0.43
georgetown,MY,1618537193,5.4112,100.3354,20,89,79.06999999999996,1.03
constantine,DZ,1618537193,36.365,6.6147,75,93,52.069999999999965,3.09
pahrump,US,1618537193,36.2083,-115.9839,3,11,72.26600000000002,1.79
kruisfontein,ZA,1618537194,-34.0033,24.7314,100,66,61.26799999999999,0.45
quatre cocos,MU,1618537194,-20.2078,57.7625,75,100,79.26799999999999,3.6
palabuhanratu,,,,,,,,
havelock,US,1618537194,34.8791,-76.9013,90,77,64.66999999999996,4.63
luderitz,NA,1618537118,-26.6481,15.1594,95,31,77.80999999999997,3.78
deputatskiy,RU,1618537195,69.3,139.9,75,83,6.25999999999998,1.57
kijang,KR,1618537195,35.2442,129.2139,75,51,61.069999999999965,2.57
veracruz,MX,1618537196,19.3333,-96.6667,90,83,82.66999999999996,2.57
pontianak,ID,1618537196,-0.0333,109.3333,20,94,79.06999999999996,2.06
banepa,NP,1618537196,27.6298,85.5214,75,67,59.26999999999996,1.03
illoqqortoormiut,,,,,,,,
nikolskoye,RU,1618537197,59.7035,30.7861,0,56,37.66999999999996,3
immokalee,US,1618537197,26.4187,-81.4173,20,78,75.27200000000005,2.57
namatanai,PG,1618537197,-3.6667,152.4333,99,67,85.29800000000003,2.98
san patricio,US,1618537073,28.017,-97.5169,90,88,75.46999999999997,5.66
bathurst,AU,1618537016,-33.4166,149.5806,62,42,67.26199999999996,1.34
broome,US,1618537198,42.2506,-75.833,90,87,41.26999999999996,1.54
nizhneyansk,,,,,,,,
san cristobal,VE,1618537198,7.7669,-72.225,75,78,80.86999999999996,1.03
azul,AR,1618537199,-36.777,-59.8585,0,83,60.22400000000002,1.13
limbang,MY,1618537199,4.75,115,75,74,84.46999999999997,2.06
necochea,AR,1618537199,-38.5473,-58.7368,2,96,56.26400000000004,3.07
fort nelson,CA,1618537177,58.8053,-122.7002,75,24,68.26999999999995,0.27
wuwei,CN,1618537200,37.9281,102.6414,0,15,49.98200000000001,5.84
amderma,,,,,,,,
borovoy,RU,1618537200,55.4333,86.0833,0,65,43.06999999999996,5
pouebo,NC,1618537201,-20.4,164.5667,79,73,81.87799999999996,1.36
kuche,,,,,,,,
madisonville,US,1618537202,37.3281,-87.4989,1,61,48.469999999999956,2.14
geraldton,AU,1618537202,-28.7667,114.6,100,33,73.66999999999996,8.23
kaitangata,NZ,1618537202,-46.2817,169.8464,100,66,53.438000000000045,3.56
saurimo,AO,1618537184,-9.6608,20.3916,16,97,62.07799999999996,1.81
pavlovsk,RU,1618537203,50.4578,40.1081,42,91,46.561999999999955,2.37
maniitsoq,GL,1618537203,65.4167,-52.9,94,74,11.101999999999975,9.23
lukovetskiy,RU,1618537203,64.2956,41.9211,20,59,32.26999999999996,1
cayenne,GF,1618536925,4.9333,-52.3333,75,83,81.26600000000002,2.06
hasaki,JP,1618537121,35.7333,140.8333,75,51,62.86999999999996,6.17
zhigansk,RU,1618537204,66.7697,123.3711,100,92,21.758000000000003,8.51
samusu,,,,,,,,
talnakh,RU,1618537025,69.4865,88.3972,90,95,-15.267999999999986,7.66
alekseyevsk,RU,1618537205,57.8406,108.3492,100,90,30.50600000000003,8.68
umm kaddadah,SD,1618537205,13.6017,26.6876,6,10,70.86199999999997,6.39
los llanos de aridane,ES,1618537077,28.6585,-17.9182,40,73,68.26999999999995,8.23
farah,AF,1618537205,32.5,62.5,90,28,60.76400000000004,1.04
torbay,CA,1618536928,47.6666,-52.7314,90,100,34.26799999999999,8.75
shamary,RU,1618537206,57.3434,58.2199,100,91,41.80999999999998,3.5
vila franca do campo,PT,1618537129,37.7167,-25.4333,20,88,57.469999999999956,1.03
chuy,UY,1618537206,-33.6971,-53.4616,77,93,65.26400000000004,1.73
tungor,RU,1618537207,53.3808,142.9564,7,95,33.38599999999997,3.72
horta,PT,1618537207,38.5333,-28.6333,92,87,61.46600000000001,7.02
emerald,AU,1618537207,-23.5333,148.1667,0,44,84.27200000000005,2.57
botucatu,BR,1618537208,-22.8858,-48.445,20,95,59.57599999999999,2.87
le pradet,FR,1618537208,43.1066,6.0172,0,93,49.26199999999996,3.09
leningradskiy,RU,1618537208,69.3833,178.4167,94,73,31.172000000000036,4.01
itarema,BR,1618537209,-2.9248,-39.9167,91,88,77.46799999999999,4.62
tsihombe,,,,,,,,
naranjal,EC,1618537209,-2.6667,-79.6167,90,83,77.26999999999995,2.57
brahmapuri,,,,,,,,
eisenstadt,AT,1618537209,47.8457,16.5233,75,70,38.26400000000003,7.2
kysyl-syr,RU,1618537210,63.8986,122.7617,100,86,29.06600000000001,4.6
klaksvik,FO,1618537210,62.2266,-6.589,18,87,44.86999999999996,9.26
grindavik,IS,1618537210,63.8424,-22.4338,90,100,46.66999999999996,10.29
bafq,IR,1618537211,31.6128,55.4107,6,40,66.25399999999996,2.53
banda aceh,ID,1618537211,5.5577,95.3222,49,72,83.75,4.63
high level,CA,1618537211,58.5169,-117.136,20,31,59.26999999999996,2.06
mys shmidta,,,,,,,,
tayga,RU,1618537212,56.06,85.6197,0,81,41.26999999999996,6
kazalinsk,,,,,,,,
labuhan,ID,1618537212,-6.8844,112.2051,36,73,82.868,1.78
pio ix,BR,1618537213,-6.8375,-40.5792,100,75,72.37400000000002,2.94
salym,RU,1618537213,60.0625,71.4789,97,78,36.661999999999956,4.88
viedma,AR,1618537213,-40.8135,-62.9967,6,80,56.84000000000002,1.76
kuminskiy,RU,1618537214,58.6667,66.5667,77,72,39.056000000000026,4.57
adrar,MR,1618537214,20.5022,-10.0711,58,23,73.45399999999995,5.17
lebu,CL,1618537214,-37.6167,-73.65,100,87,54.57200000000004,5.5
grua,NO,1618537215,60.2667,10.6667,0,64,32.26999999999996,4.12
taksimo,RU,1618537215,56.3444,114.8794,94,59,29.44399999999997,0.24
caravelas,BR,1618537215,-17.7125,-39.2481,32,76,72.85999999999999,3.02
comodoro rivadavia,AR,1618537216,-45.8667,-67.5,0,47,59.26999999999996,3.09
obo,CF,1618537216,5.3998,26.4869,86,89,68.59399999999997,1.53
liwale,TZ,1618537216,-9.7667,37.9333,96,98,66.092,1.76
fereydun kenar,IR,1618537217,36.6864,52.5225,94,79,56.641999999999996,1.16
saint-joseph,RE,1618537095,-21.3667,55.6167,0,69,77.26999999999995,2.57
biloela,AU,1618537217,-24.4167,150.5,0,35,82.58000000000004,1.27
yulara,AU,1618537217,-25.2406,130.9889,40,45,68.26999999999995,7.72
saleaula,,,,,,,,
clyde river,CA,1618537218,70.4692,-68.5914,40,85,5.269999999999957,14.92
gizo,SB,1618537218,-8.103,156.8419,39,71,85.15399999999995,1.79
tuxpan,MX,1618537218,19.55,-103.4,1,59,65.91199999999995,1.89
buala,SB,1618537219,-8.145,159.5921,40,72,84.93800000000005,1.91
tabuk,PH,1618537219,17.4189,121.4443,84,61,86.108,1.24
isangel,VU,1618537219,-19.55,169.2667,75,79,84.46999999999997,3.6
susehri,TR,1618537220,40.1644,38.0867,94,74,46.47200000000004,1.81
nizhnyaya tura,RU,1618537220,58.6293,59.8118,79,74,36.48200000000001,2.38
skalistyy,,,,,,,,
binabalian,PH,1618537221,16.4202,119.9279,13,70,83.46199999999996,2.83
leoben,AT,1618537221,47.3461,15.1257,70,66,34.26799999999999,0.89
rungata,,,,,,,,
sohag,EG,1618537221,26.557,31.6948,0,30,66.46999999999997,2.06
tumannyy,,,,,,,,
thabazimbi,ZA,1618537222,-24.5917,27.4116,57,43,65.56999999999996,1.23
mahanoro,MG,1618537222,-19.9,48.8,100,86,75.18200000000002,1.15
kawambwa,ZM,1618537222,-9.7915,29.0791,100,96,60.92599999999999,3.02
kenai,US,1618537223,60.5544,-151.2583,90,56,44.86999999999996,7.2
gewane,ET,1618537223,10.1664,40.6453,0,48,77.77400000000002,1.85
aloleng,PH,1618537223,16.1307,119.7824,20,61,86.48599999999996,1.59
kahului,US,1618537098,20.8947,-156.47,1,54,80.86999999999996,6.69
barawe,,,,,,,,
camana,PE,1618537224,-16.6228,-72.7111,94,84,68.46799999999999,1.81
hambantota,LK,1618537224,6.1241,81.1185,20,100,73.66999999999996,1.03
barentu,ER,1618537225,15.1139,37.5928,18,46,75.2,0.79
port-gentil,GA,1618537225,-0.7193,8.7815,100,80,81.53599999999997,3.63
katsuura,JP,1618537225,35.1333,140.3,75,62,61.069999999999965,3.09
east london,ZA,1618537226,-33.0153,27.9116,100,66,64.076,8.45
lianran,CN,1618537211,24.9227,102.485,40,67,74.26400000000004,2
anadyr,RU,1618537226,64.75,177.4833,75,80,28.66999999999996,11
wewak,PG,1618537226,-3.5534,143.6268,92,67,86.16199999999995,1.75
acajutla,SV,1618537195,13.5928,-89.8275,92,90,74.26400000000004,0.45
truth or consequences,US,1618537080,33.1284,-107.2528,1,7,71.86999999999996,9.26
pringsewu,ID,1618537227,-5.3582,104.9744,100,77,80.33000000000004,0.87
siguiri,GN,1618537227,11.6667,-9.5,92,27,89.02400000000002,0.74
pacific grove,US,1618537228,36.6177,-121.9166,0,79,57.272000000000034,3.33
verkhnevilyuysk,RU,1618537228,63.4453,120.3167,100,81,28.741999999999997,5.16
ponta do sol,PT,1618537228,32.6667,-17.1,40,77,64.66999999999996,4.63
esperance,AU,1618537229,-33.8667,121.9,75,77,62.86999999999996,3.09
ust-nera,RU,1618537229,64.5667,143.2,99,80,15.29600000000005,4.08
vila velha,BR,1618537229,-20.3297,-40.2925,20,88,68.26999999999995,1.54
ayan,RU,1618537230,56.45,138.1667,0,72,34.17799999999996,3.67
virginia beach,US,1618537120,36.8529,-75.978,40,82,57.272000000000034,2.06
karatau,KZ,1618537230,43.1667,70.4667,1,57,56.19199999999999,2.51
champerico,GT,1618537230,14.3,-91.9167,62,93,69.27799999999996,4
benguela,AO,1618537231,-12.5763,13.4055,98,71,81.78800000000004,1.11
realeza,BR,1618537231,-25.7689,-53.5325,91,74,66.23599999999996,1.19
kununurra,AU,1618537116,-15.7667,128.7333,19,37,88.06999999999996,2.06
codrington,AU,1618537156,-38.2667,141.9667,100,56,56.80399999999995,3.99
saint anthony,US,1618537232,45.0205,-93.218,90,61,50.26999999999996,3.6
wajima,JP,1618537232,37.4,136.9,75,51,62.86999999999996,3.09
brae,GB,1618537087,60.3964,-1.353,40,75,43.06999999999996,5.14
tilichiki,RU,1618537232,60.4667,166.1,100,99,31.92799999999996,7.93
palana,RU,1618537233,59.1167,159.9667,100,71,26.401999999999976,7.22
khromtau,KZ,1618537233,50.2503,58.4347,10,56,45.48200000000001,2.81
tsaratanana,MG,1618537233,-16.7833,47.65,76,90,71.924,1.3
diu,IN,1618537234,20.7141,70.9822,0,71,76.83800000000005,2.44
amapa,BR,1618537234,1,-52,100,99,71.95999999999998,1.07
almaznyy,RU,1618537234,48.0448,40.045,8,93,44.86999999999996,2
lourical,PT,1618537235,40.0039,-8.7374,20,94,58.26199999999996,1.03
karratha,AU,1618537102,-20.7377,116.8463,0,42,85.36999999999996,9.17
bafra,TR,1618537235,41.5678,35.9069,90,93,51.27799999999996,1.03
tommot,RU,1618537235,58.9564,126.2925,99,77,33.008,5.55
ribeira grande,PT,1618537078,38.5167,-28.7,93,88,62.29399999999997,7.62
general salgado,BR,1618537236,-20.6483,-50.3606,87,71,70.10600000000002,3.4
tarnogskiy gorodok,RU,1618537236,60.4997,43.5761,5,85,30.46999999999996,1.89
eseka,CM,1618537237,3.65,10.7667,100,97,73.66999999999996,0.24
maneadero,MX,1618537237,31.7167,-116.5667,88,78,60.27799999999996,2.68
ekibastuz,KZ,1618537237,51.6667,75.3667,0,57,52.64600000000005,2.52
lac du bonnet,CA,1618537238,50.2536,-96.0612,98,100,39.272000000000034,2.24
mezen,RU,1618537238,65.8522,44.24,100,88,29.911999999999956,2.18
acarau,BR,1618537202,-2.8856,-40.12,94,87,77.99000000000002,5.02
baykit,RU,1618537238,61.67,96.37,100,81,31.477999999999962,6.11
prince rupert,CA,1618537239,54.3161,-130.3201,1,71,52.069999999999965,3.09
zonguldak,TR,1618537239,41.25,31.8333,100,93,43.19600000000005,1.09
lata,PT,1618537239,40.1629,-8.3327,72,91,58.26199999999996,0.99
bubaque,GW,1618537240,11.2833,-15.8333,1,74,76.92799999999997,5.82
raboso,MX,1618537240,18.5667,-98.45,9,25,82.23800000000006,1.49
norman wells,CA,1618537240,65.282,-126.8329,20,28,55.66999999999996,2.57
tondano,ID,1618537241,1.3038,124.9112,20,58,88.06999999999996,3.6
energetik,RU,1618537241,51.7445,58.7934,20,65,45.71600000000001,1.63
antofagasta,CL,1618536986,-23.65,-70.4,20,77,61.069999999999965,3.6
banes,CU,1618537242,20.9625,-75.7186,0,64,75.46999999999997,4.63
yumen,CN,1618537242,40.2833,97.2,0,14,47.785999999999966,8.34
kedrovyy,RU,1618537242,56.1667,91.8167,0,57,46.66999999999996,7
urucara,BR,1618537242,-2.5364,-57.76,97,89,76.00999999999999,0.35
camacha,PT,1618537243,33.0833,-16.3333,40,77,64.66999999999996,5.14
ostrovnoy,RU,1618537243,68.0531,39.5131,100,98,31.45999999999998,2.49
santa maria,BR,1618537243,-29.6842,-53.8069,40,100,64.66999999999996,0.51
ambon,ID,1618537244,-3.6954,128.1814,20,66,86.26999999999995,1.54
innisfail,AU,1618537244,-17.5333,146.0333,65,76,73.27400000000002,3.13
mecca,SA,1618537244,21.4267,39.8261,44,56,77.73800000000006,1.83
east hemet,US,1618537245,33.74,-116.9389,62,55,63.266000000000005,3.13
bathsheba,BB,1618537245,13.2167,-59.5167,75,65,80.86999999999996,9.26
okhotsk,RU,1618537245,59.3833,143.3,10,70,24.548000000000023,1.29
shingu,JP,1618537246,33.7333,135.9833,75,63,62.86999999999996,5.66
severo-yeniseyskiy,RU,1618537246,60.3725,93.0408,100,97,29.767999999999983,3.79
lokosovo,RU,1618537246,61.1333,74.8167,100,78,30.59600000000005,6.09
juba,SS,1618537247,4.8517,31.5825,80,76,72.05000000000001,1.65
galiwinku,,,,,,,,
dwarka,IN,1618537101,22.2394,68.9678,0,74,80.042,3.33
ambunti,PG,1618537247,-4.2365,142.8448,69,53,92.084,0.72
albion,US,1618537248,42.2431,-84.753,90,70,43.06999999999996,3.6
bom jesus,BR,1618537248,-9.0744,-44.3586,100,59,77.77400000000002,0.12
bow island,CA,1618537248,49.8668,-111.3684,40,28,53.86999999999996,4.63
merauke,ID,1618537249,-8.4667,140.3333,88,65,85.67599999999999,4.51
fare,PF,1618537249,-16.7,-151.0167,26,72,82.72400000000002,3.68
kavaratti,IN,1618537190,10.5669,72.642,86,70,84.39800000000002,2.9
yuzhno-sukhokumsk,RU,1618537250,44.6581,45.6436,96,66,52.7,3.29
honiara,SB,1618537250,-9.4333,159.95,23,68,87.24199999999999,2.25
nakamura,JP,1618537250,32.9833,132.9333,6,61,68.95399999999995,2.38
dekar,BW,1618537250,-21.5333,21.9333,76,30,68.30600000000004,2.86
nakhon thai,TH,1618537251,17.1006,100.8374,20,89,86.26999999999995,1.34
sasaram,IN,1618537251,24.951,84.0149,85,21,90.30199999999998,5.06
campbell river,CA,1618537251,50.0163,-125.2446,1,14,75.46999999999997,1.54
rovinj,HR,1618537252,45.08,13.64,0,65,41.26999999999996,3.6
kiama,AU,1618537252,-34.6833,150.8667,40,52,67.26199999999996,6.17
umzimvubu,,,,,,,,
skibbereen,IE,1618537253,51.55,-9.2667,20,93,39.469999999999956,3.6
tahe,CN,1618537253,52.3333,124.7333,100,45,37.742,3.17
yar-sale,RU,1618537253,66.8333,70.8333,11,90,-3.891999999999996,3.72
najran,SA,1618537254,17.4924,44.1277,47,33,77.26999999999995,6.17
sisophon,KH,1618537254,13.5859,102.9737,10,52,89.50999999999999,2.49
paita,PE,1618537254,-5.0892,-81.1144,99,77,70.592,4.48
mabaruma,GY,1618537255,8.2,-59.7833,22,93,75.29000000000002,1.95
victoria,HK,1618537208,22.2855,114.1577,100,89,74.26400000000004,0.89
rabo de peixe,PT,1618537255,37.8,-25.5833,20,88,57.469999999999956,1.03
jinchengjiang,,,,,,,,
labutta,,,,,,,,
great yarmouth,GB,1618537144,52.6083,1.7305,38,100,39.272000000000034,0.51
elizabeth city,US,1618537134,36.2946,-76.2511,1,94,57.272000000000034,2.06
galion,US,1618537256,40.7337,-82.7899,92,77,43.26799999999999,6.37
laiyang,CN,1618537256,36.9758,120.7136,4,22,58.748000000000026,6.06
rafai,CF,1618537257,4.95,23.9167,99,85,67.80199999999998,1.08
kenora,CA,1618537132,49.8167,-94.4337,75,52,41.26999999999996,2.57
karakendzha,,,,,,,,
kyren,RU,1618537257,51.6828,102.1408,27,42,37.274000000000015,0.84
marcona,,,,,,,,
chimbote,PE,1618537258,-9.0853,-78.5783,66,85,66.77599999999998,2.95
acapulco,MX,1618537258,16.8634,-99.8901,75,78,80.86999999999996,2.57
manaus,BR,1618537006,-3.1019,-60.025,40,89,79.06999999999996,2.57
middle island,US,1618537258,40.8843,-72.9373,90,87,46.274000000000015,3.6
formosa do rio preto,BR,1618537259,-11.0483,-45.1931,59,54,75.12799999999996,0.56
airai,TL,1618537259,-8.9266,125.4092,83,60,71.54600000000005,1.29
lazaro cardenas,MX,1618537259,17.9583,-102.2,0,74,76.76600000000002,3.39
vao,NC,1618537103,-22.6667,167.4833,96,91,73.49000000000002,7.1
toyooka,JP,1618537260,35.5333,134.8333,75,63,62.86999999999996,5.66
novoagansk,RU,1618537260,61.9449,76.6625,80,79,23.23399999999999,8.02
nome,US,1618537261,64.5011,-165.4064,75,80,31.261999999999954,8.23
meulaboh,ID,1618537261,4.1363,96.1285,81,77,81.392,0.52
kalmunai,LK,1618537262,7.4167,81.8167,100,77,79.484,2.15
makakilo city,US,1618537262,21.3469,-158.0858,90,57,80.86999999999996,5.66
cap malheureux,MU,1618537263,-19.9842,57.6142,88,84,79.26799999999999,1.34
changqing,CN,1618537263,36.5575,116.7272,54,15,66.27200000000005,0.45
aklavik,CA,1618537263,68.2191,-135.0107,85,68,25.069999999999958,2.57
orangeburg,US,1618537264,33.4918,-80.8557,1,52,70.06999999999996,3.09
eregli,TR,1618537264,37.5133,34.0467,98,48,52.358000000000004,1.16
samarai,PG,1618537264,-10.6167,150.6667,89,79,81.608,1.61
belmonte,BR,1618537265,-15.8631,-38.8828,40,73,73.66999999999996,0.51
carballo,ES,1618537265,43.213,-8.691,0,71,48.272000000000034,1.03
iwanai,JP,1618537265,42.9744,140.5089,78,39,54.05,3.6
atambua,ID,1618537266,-9.1061,124.8925,99,62,81.21199999999996,0.47
ahipara,NZ,1618537266,-35.1667,173.1667,1,58,68.70199999999997,3.32
tiruchchendur,IN,1618537266,8.4833,78.1167,40,88,77.26999999999995,2.98
nikolayevsk-na-amure,RU,1618537267,53.1406,140.73,15,93,35.492,1.17
berlevag,NO,1618537267,70.8578,29.0864,100,88,35.76199999999996,9.28
flin flon,CA,1618537268,54.7682,-101.865,52,91,35.564000000000036,4.17
ndele,CF,1618537268,8.4109,20.6473,38,12,72.82400000000001,1.63
hami,CN,1618537268,42.8,93.45,6,10,60.96199999999996,6.2
gorgan,IR,1618536977,36.8387,54.4348,20,93,52.069999999999965,0.32
zapolyarnyy,RU,1618537269,69.4154,30.8136,90,80,35.86999999999996,5.66
attawapiskat,,,,,,,,
tazovskiy,RU,1618537269,67.4667,78.7,93,92,-4.917999999999985,7.59
mosquera,CO,1618537270,4.7059,-74.2302,20,87,53.86999999999996,2.06
umm lajj,SA,1618537270,25.0213,37.2685,0,67,74.91199999999995,4.75
atar,MR,1618537270,20.5169,-13.0499,54,24,75.99199999999999,3.71
pevek,RU,1618537121,69.7008,170.3133,100,77,23.80999999999998,11.4
muhororo,UG,1618537271,0.9381,30.7594,100,97,62.63599999999997,1.1
uhlove,UA,1618537271,44.8215,33.6045,16,68,45.266000000000005,3.53
iguape,BR,1618537272,-24.7081,-47.5553,100,75,73.958,4.15
ternate,ID,1618537272,0.8,127.4,99,78,82.47200000000004,5.5
kropotkin,RU,1618537272,45.4375,40.5756,91,89,47.39000000000002,0.19
san carlos,VE,1618537273,9.6612,-68.5827,84,65,83.04800000000003,1.83
marzuq,YE,1618537180,14.4,46.4667,91,45,67.36999999999996,2
ballina,AU,1618537273,-28.8667,153.5667,4,69,79.06999999999996,6.17
warqla,,,,,,,,
kamareddi,IN,1618537274,18.3167,78.35,4,61,79.15999999999998,2.09
tessalit,ML,1618537167,20.1986,1.0114,4,12,83.51600000000002,3.63
siquirres,CR,1618537274,10.0975,-83.5066,100,82,65.26400000000004,0.45
douglas,US,1618537274,41.3,-96.167,90,65,46.274000000000015,3.09
mogadishu,SO,1618537275,2.0371,45.3438,100,73,82.09399999999997,3.97
jalu,LY,1618537057,29.0331,21.5482,0,33,68.30600000000004,3.4
guerrero negro,MX,1618537275,27.9769,-114.0611,100,68,59.648000000000025,8.21
beyneu,KZ,1618537275,45.3167,55.2,2,58,56.58800000000005,3.46
banswara,IN,1618537276,23.55,74.45,1,44,81.48200000000003,2.53
thinadhoo,MV,1618537276,0.5333,72.9333,16,65,82.45399999999995,2.13
rawson,AR,1618537190,-43.3002,-65.1023,0,44,60.440000000000026,5.59
sawtell,AU,1618537277,-30.3833,153.1,38,49,73.66999999999996,7.2
keflavik,IS,1618537277,64.0049,-22.5624,90,100,48.469999999999956,9.77
kondol,RU,1618537277,52.8189,45.058,100,30,51.27799999999996,3.2
okato,NZ,1618537278,-39.2,173.8833,9,84,64.27400000000002,4.47
richards bay,ZA,1618537114,-28.783,32.0377,34,75,71.47400000000002,10.21
olafsvik,IS,1618537278,64.8945,-23.7142,94,96,43.91600000000001,6.41
houma,US,1618537201,29.5958,-90.7195,90,88,68.26999999999995,2.57
vanavara,RU,1618537278,60.34,102.2797,100,97,35.20399999999995,7.79
zhezkazgan,KZ,1618537279,47.8043,67.7144,38,46,50.41400000000003,3.83
anloga,GH,1618537279,5.7947,0.8973,20,83,82.66999999999996,3.09
krasnoselkup,RU,1618537279,65.7,82.4667,84,87,-2.470000000000013,8.7
kayerkan,RU,1618537093,69.3497,87.7602,100,97,-13.755999999999979,5.2
ishigaki,JP,1618537280,24.3448,124.1572,75,88,77.26999999999995,2.57
viligili,,,,,,,,
sao joao da barra,BR,1618537280,-21.6403,-41.0511,100,67,72.55399999999995,2.45
libertador general san martin,AR,1618537281,-23.8064,-64.7876,9,95,70.26799999999999,1.43
tiarei,PF,1618537281,-17.5333,-149.3333,75,70,87.27799999999996,6.17
sur,OM,1618537281,22.5667,59.5289,3,38,84.39800000000002,3.9
dali,CN,1618537282,25.7,100.1833,51,31,69.458,1.4
maloshuyka,,,,,,,,
khonuu,,,,,,,,
tokzar,,,,,,,,
vuktyl,RU,1618537282,63.8567,57.3094,6,64,24.277999999999963,1.06
dunedin,NZ,1618537283,-45.8742,170.5036,100,85,53.27599999999999,0.45
opovo,RS,1618537283,45.0522,20.4303,26,100,37.274000000000015,1.54
half moon bay,US,1618537283,37.4636,-122.4286,1,76,59.26999999999996,2.57
raga,SS,1618537284,8.4596,25.678,46,15,73.66999999999996,0.35
khandbari,NP,1618537284,27.3747,87.2039,94,23,78.27799999999996,0.22
garowe,SO,1618537284,8.4054,48.4845,8,89,72.48200000000003,3.17
kloulklubed,PW,1618537285,7.0419,134.2556,100,86,80.618,18.67
nokaneng,BW,1618537285,-19.6667,22.2667,39,36,64.99399999999997,3.7
baghdad,IQ,1618537285,33.3406,44.4009,0,34,62.86999999999996,2.06
bolungarvik,,,,,,,,
praia,CV,1618537286,14.9215,-23.5087,20,73,70.06999999999996,8.23
hay river,CA,1618537286,60.8156,-115.7999,99,31,59.26999999999996,2.35
swan river,CA,1618537286,52.1058,-101.2676,92,75,35.86999999999996,1.03
poum,NC,1618537287,-20.2333,164.0167,90,75,80.34800000000003,2.02
aleksandrov gay,RU,1618537287,50.147,48.5704,96,55,51.674000000000014,3.59
constitucion,CL,1618537256,-35.3333,-72.4167,2,87,56.06600000000001,5.06
balinsasayao,PH,1618537288,10.6815,124.9594,100,65,86.05399999999995,1.87
aleksandrovsk-sakhalinskiy,RU,1618537288,50.8975,142.1561,7,57,38.56999999999996,6.07
puerto escondido,MX,1618537288,15.85,-97.0667,1,74,82.66999999999996,4.12
mana,GF,1618537288,5.6592,-53.7767,76,84,78.566,5.56
vidalia,US,1618537289,32.2177,-82.4135,1,82,64.66999999999996,2.06
gayeri,BF,1618537289,12.6497,0.4931,2,15,87.92599999999999,3.4
puerto leguizamo,CO,1618537289,-0.1934,-74.7819,100,94,74.20999999999998,0.91
dongsheng,CN,1618537290,39.8161,109.9776,0,26,38.11999999999996,11.13
iqaluit,CA,1618537104,63.7506,-68.5145,40,72,3.46999999999996,2.57
samalaeulu,,,,,,,,
katherine,AU,1618537290,-14.4667,132.2667,84,51,88.06999999999996,1.54
nelson bay,AU,1618537291,-32.7167,152.15,75,60,70.06999999999996,5.14
sloboda,RU,1618537291,51.1421,40.3021,79,84,47.461999999999954,2.38
coihaique,CL,1618537291,-45.5752,-72.0662,100,94,46.79600000000005,3.05
titiribi,CO,1618537292,6.0628,-75.7937,75,94,59.26999999999996,1.54
marsa matruh,EG,1618537292,31.3525,27.2453,0,67,61.069999999999965,3.6
kolchugino,RU,1618537292,56.3,39.3833,100,90,44.22200000000004,5.67
kalianget,ID,1618537293,-7.05,113.9333,42,72,83.174,2.38
turan,VN,1618537062,16.0678,108.2208,40,78,82.66999999999996,1.03
petropavlovsk-kamchatskiy,RU,1618537104,53.0452,158.6483,20,48,37.66999999999996,8
tukrah,LY,1618537293,32.5341,20.5791,99,61,60.998000000000026,5.12
general roca,AR,1618537094,-39.0333,-67.5833,0,63,64.66999999999996,1.03
bandarbeyla,SO,1618537294,9.4942,50.8122,6,78,79.60999999999999,2.54
alcantara,BR,1618537294,-2.4089,-44.4147,40,94,80.86999999999996,1.54
lavrentiya,RU,1618537294,65.5833,-171,99,89,20.48000000000004,3.24
santa vitoria do palmar,BR,1618537295,-33.5189,-53.3681,95,93,66.03800000000004,1.75
estelle,US,1618537295,29.8458,-90.1067,75,94,68.26999999999995,2.57
alto longa,BR,1618537295,-5.2511,-42.2103,100,88,75.41600000000001,1.53
irtyshskiy,RU,1618537296,58.3333,68.1333,100,77,40.658,5.33
lesosibirsk,RU,1618537296,58.2358,92.4828,100,93,41.48599999999997,6.26
bocaranga,,,,,,,,
homer,US,1618537167,59.6425,-151.5483,90,66,46.66999999999996,2.15
jabiru,,,,,,,,
shirokiy,RU,1618537297,49.758,129.523,100,66,45.76999999999996,6.01
togitsu,JP,1618537297,32.8333,129.85,75,82,57.469999999999956,5.14
polunochnoye,RU,1618537297,60.8697,60.4153,5,76,30.308000000000003,1.69
harper,LR,1618537298,4.375,-7.7169,87,84,79.75399999999996,2.77
florence,IT,1618537298,43.7667,11.25,0,87,45.266000000000005,2.06
mbulu,TZ,1618537298,-3.85,35.5333,80,96,57.469999999999956,2.54
sept-iles,CA,1618537299,50.2001,-66.3821,4,81,37.66999999999996,4.12
saint-francois,FR,1618537299,46.4154,3.9054,0,93,31.261999999999954,0.51
rio grande,BR,1618537299,-32.035,-52.0986,100,86,68.70199999999997,1.6
faya,SA,1618537300,18.3851,42.4509,0,59,61.069999999999965,2.06
lerwick,GB,1618537300,60.1545,-1.1494,40,75,43.06999999999996,5.14
beringovskiy,RU,1618537300,63.05,179.3167,100,90,36.30199999999998,5.19
sabae,JP,1618537301,35.9465,136.185,75,40,68.26999999999995,8.23
kangaatsiaq,GL,1618537176,68.3065,-53.4641,100,81,4.225999999999988,5.93
pokoynoye,RU,1618537301,44.8097,44.2517,11,77,49.946000000000055,2.05
magadan,RU,1618537302,59.5667,150.8,52,72,26.81600000000001,3.65
komsomolskiy,UZ,1618537127,40.4272,71.7189,34,58,55.66999999999996,4.12
moulins,FR,1618537302,46.5,3.3333,0,93,31.261999999999954,0.51
araouane,ML,1618537302,18.9048,-3.5265,25,16,83.10199999999998,5.3
phonhong,LA,1618537303,18.5007,102.4166,75,70,86.26999999999995,2.06
seredeyskiy,RU,1618537303,54.0507,35.2318,97,94,46.346000000000046,2.93
salisbury,GB,1618537303,51.0693,-1.7957,15,75,37.66999999999996,2.57
salinopolis,BR,1618537304,-0.6136,-47.3561,98,86,79.43000000000004,4.69
nara,JP,1618537304,34.6851,135.8049,75,63,64.66999999999996,5.14
selfoss,IS,1618537304,63.9331,-20.9971,100,100,46.274000000000015,7.15
pemberton,CA,1618537305,50.3164,-122.8027,1,15,68.26999999999995,1.03
presidencia roque saenz pena,AR,1618537305,-26.7852,-60.4388,52,93,70.26799999999999,0.89
alice springs,AU,1618537044,-23.7,133.8833,75,45,66.46999999999997,6.17
shenjiamen,CN,1618537305,29.9576,122.298,7,75,60.25999999999998,1.76
gamba,GA,1618537306,-2.65,10,100,89,78.16999999999996,1.43
matina,CR,1618537306,10.0761,-83.2895,100,93,75.95600000000003,1.15
buraydah,SA,1618537276,26.326,43.975,0,28,70.06999999999996,2.06
masvingo,ZW,1618537307,-20.0637,30.8277,1,77,55.54399999999997,1.6
baiculesti,RO,1618537307,45.0667,24.7,51,90,33.15199999999997,1.22
nadym,RU,1618537202,65.5333,72.5167,6,75,4.496000000000048,7.99
si sa ket,TH,1618537307,14.8333,104.3333,36,99,93.27200000000005,3.31
